{
  "N1_S_sys": 0.7134480413524221,
  "N2_S_env": 0.7134480413523211,
  "N3_gap": 1.0103029524088925e-13,
  "N4_sweep": [
    [
      0.0,
      5.143063467521784e-14,
      1.5397156137527172e-13
    ],
    [
      0.2,
      0.27239209419403493,
      0.2723920941941366
    ],
    [
      0.4,
      0.6247397540456533,
      0.6247397540457542
    ],
    [
      0.6,
      0.7884623041263832,
      0.788462304126484
    ],
    [
      0.8,
      0.7612978862881994,
      0.7612978862883004
    ],
    [
      1.0,
      0.7134480413523211,
      0.7134480413524221
    ]
  ]
}