{
 "data": "UCI wine-quality-red (REAL data, 11 feat)",
 "d": 11,
 "id_err": 1904.5438849779748,
 "auc_lie": 0.8065886899570787,
 "rows": [
  [
   0.0,
   0.16580310880829016,
   0.0,
   0.0
  ],
  [
   0.5,
   0.16580310880829016,
   0.0,
   0.0
  ],
  [
   1.0,
   0.16580310880829016,
   0.0,
   0.0
  ],
  [
   2.0,
   0.16580310880829016,
   0.010362694300518135,
   0.03125
  ],
  [
   4.0,
   0.16580310880829016,
   0.16062176165803108,
   0.125
  ],
  [
   8.0,
   0.16580310880829016,
   0.5492227979274611,
   0.40625
  ]
 ]
}