{
  "C1": {
    "C": -5.03077857216476e-11,
    "L": 7.441377403649965e-11,
    "recon": 4.440892098500626e-16,
    "E": 3.0821790812915763e-31
  },
  "C2": {
    "C": -1.3862943611696692,
    "L": 1.3862943611696692,
    "predicted": 1.3862943611198906,
    "E": 5.741957770363628e-21
  },
  "C3": [
    [
      1.0,
      6.864311730470367e-11,
      0.0
    ],
    [
      0.9,
      0.10536051570433987,
      0.10536051565782628
    ],
    [
      0.7,
      0.3566749439872453,
      0.35667494393873245
    ],
    [
      0.5,
      0.6931471806097239,
      0.6931471805599453
    ],
    [
      0.25,
      1.3862943611696692,
      1.3862943611198906
    ],
    [
      0.1,
      2.3025850930433274,
      2.3025850929940455
    ]
  ],
  "Q1": {
    "dS": 0.0,
    "is_unitary": true
  },
  "Q2": {
    "lie_bits": 0.6964432815870116
  },
  "Q3": {
    "sweep": [
      [
        0.0,
        0.0
      ],
      [
        0.1,
        0.19810459209705944
      ],
      [
        0.3,
        0.4237216054234658
      ],
      [
        0.5,
        0.5645319193074685
      ],
      [
        0.8,
        0.6761437420041021
      ],
      [
        1.0,
        0.6964432815870116
      ]
    ],
    "monotonic": true,
    "zero_at_p0": true
  }
}